Name,Last Name,Email,Gender,Country
Marleah,Barti,mbarti0@boston.com,Female,China
Les,Aspinall,laspinall1@webnode.com,Male,Poland
Nicolette,Pidgley,npidgley2@constantcontact.com,Female,China
Judi,Cale,jcale3@independent.co.uk,Female,China
Dewain,Lefeuvre,dlefeuvre4@weebly.com,Male,Poland
Carver,Slucock,cslucock5@squarespace.com,Male,China
Lea,Nalder,lnalder6@instagram.com,Female,Armenia
Fonsie,Prydie,fprydie7@homestead.com,Male,China
Davey,Ardron,dardron8@cafepress.com,Male,Israel
Win,Willford,wwillford9@gmpg.org,Male,Netherlands
Wini,Lumly,wlumlya@privacy.gov.au,Female,China
Antonino,Broke,abrokeb@jalbum.net,Male,Senegal
Aurel,Monelli,amonellic@meetup.com,Female,Ukraine
Fernando,Mattersey,fmatterseyd@google.it,Male,United States
Caldwell,Sherlock,csherlocke@disqus.com,Male,Croatia
Tyler,Thyer,tthyerf@bloglines.com,Male,Azerbaijan
Lannie,Armistead,larmisteadg@mail.ru,Male,Brazil
Klarrisa,Stedell,kstedellh@squarespace.com,Female,Mongolia
Trefor,Gludor,tgludori@nsw.gov.au,Male,Moldova
Cullie,Schumacher,cschumacherj@discovery.com,Male,Serbia
Gannon,Forder,gforderk@typepad.com,Male,China
Keene,Lambert,klambertl@loc.gov,Male,China
Land,Stanmer,lstanmerm@paginegialle.it,Male,Indonesia
Kaycee,Carous,kcarousn@webeden.co.uk,Female,Pakistan
Gilligan,Plewes,gpleweso@ed.gov,Female,Sweden
Sansone,Harvison,sharvisonp@ebay.co.uk,Male,Brazil
Isidro,Jacobsen,ijacobsenq@indiatimes.com,Male,China
Melloney,Rosi,mrosir@taobao.com,Female,Finland
Emilia,Muckart,emuckarts@example.com,Female,Russia
Mel,Shirtliff,mshirtlifft@gizmodo.com,Female,China
Hagen,Tomkins,htomkinsu@techcrunch.com,Male,Russia
Rubi,Moggan,rmogganv@spotify.com,Female,Finland
Estella,MacHostie,emachostiew@ucoz.ru,Female,Zimbabwe
Misty,Victory,mvictoryx@ycombinator.com,Female,China
Tabitha,Sellens,tsellensy@wunderground.com,Female,China
Joseph,Addekin,jaddekinz@angelfire.com,Male,Thailand
Ax,Escala,aescala10@google.co.jp,Male,Mexico
Caleb,Tookill,ctookill11@domainmarket.com,Male,Honduras
Heinrick,Jahan,hjahan12@msu.edu,Male,China
Dominic,Faltin,dfaltin13@mozilla.com,Male,Indonesia
Tallie,McGarel,tmcgarel14@about.com,Male,Colombia
Abramo,Gotcliff,agotcliff15@yolasite.com,Male,Thailand
Charmaine,Gorrick,cgorrick16@sourceforge.net,Female,Sweden
Giana,Hess,ghess17@cbslocal.com,Female,Indonesia
Lenard,Kearford,lkearford18@zdnet.com,Male,Russia
Nickolaus,Terron,nterron19@wikia.com,Male,Netherlands
Dinah,Newcome,dnewcome1a@taobao.com,Female,Macedonia
Tiffie,Eamer,teamer1b@usda.gov,Female,China
Prentice,Peaple,ppeaple1c@ucsd.edu,Male,Poland
Sallie,Aicken,saicken1d@ezinearticles.com,Female,Dominican Republic
